,url,keyword
0,https://mastodon.world/@H2ORadio@journa.host/115522937849578698,electric
1,https://mastodon.world/@ElonMusk@activitypub.awakari.com/115522306717782749,electric
2,https://mastodon.world/@evshift@channels.im/115521183338373118,electric
3,https://mastodon.world/@evshift@channels.im/115521033839973320,electric
4,https://mastodon.world/@evshift@channels.im/115520734917691396,electric
5,https://mastodon.world/@evshift@channels.im/115520593313591567,electric
6,https://mastodon.world/@cnbusinessforum@mstdn.business/115520451690883910,electric
7,https://mastodon.world/@evshift@channels.im/115520428436521852,electric
8,https://mastodon.world/@evshift@channels.im/115520145154411160,electric
9,https://mastodon.world/@evshift@channels.im/115519342859889349,electric
10,https://mastodon.world/@2rZiKKbOU3nTafniR2qMMSE0gwZ@activitypub.awakari.com/115523218696064004,growth
11,https://mastodon.world/@politico_eu_bot@social.espeweb.net/115523192907784937,growth
12,https://mastodon.world/@smohindroo1@vivaldi.net/115522974053480119,growth
13,https://mastodon.world/@Itchigo@macrofurs.social/115522459149181389,growth
14,https://mastodon.world/@wdanielcoxiii@mastodon.social/115521517363886558,growth
15,https://mastodon.world/@cnbusinessforum@mstdn.business/115521493635847450,growth
16,https://mastodon.world/@cnbusinessforum@mstdn.business/115521277330865809,growth
17,https://mastodon.world/@kalvin0x58c@kupi.my/115520126401688957,growth
18,https://mastodon.world/@skypilot.social@bsky.brid.gy/115520036898331095,growth
19,https://mastodon.world/@towfiqsmtir@mastodon.social/115519420529221620,growth
20,https://mastodon.world/@cnbusinessforum@mstdn.business/115517974312620489,growth
21,https://mastodon.world/@dnc@vive.im/115521832051521519,butter
22,https://mastodon.world/@dc@vive.im/115520729449945098,butter
23,https://mastodon.world/@dnc@vive.im/115520660166158052,butter
24,https://mastodon.world/@Praveen_Yadav343@mastodon.social/115518795818898290,butter
25,https://mastodon.world/@dnc@vive.im/115511059492687968,butter
26,https://mastodon.world/@dc@vive.im/115507733376196350,butter
27,https://mastodon.world/@dnc@vive.im/115507669038299554,butter
28,https://mastodon.world/@dnc@vive.im/115506481008149007,butter
29,https://mastodon.world/@dc@vive.im/115505510721634789,butter
30,https://mastodon.world/@dnc@vive.im/115505337019189628,butter
31,https://mastodon.world/@moira@mastodon.murkworks.net/115481323928985533,kirkland
32,https://mastodon.world/@neurologo@mastodon.cloud/115480143761789976,kirkland
33,https://mastodon.world/@moira@mastodon.murkworks.net/115479314404862317,kirkland
34,https://mastodon.world/@MrBirch@beige.party/115448593426318488,kirkland
35,https://mastodon.world/@chiyabu@mastodon.social/115422754347269117,kirkland
36,https://mastodon.world/@ottsatwork@artsio.com/115403751549645939,kirkland
37,https://mastodon.world/@ohmu@social.seattle.wa.us/115396827896021241,kirkland
38,https://mastodon.world/@moira@mastodon.murkworks.net/115392403195853955,kirkland
39,https://mastodon.world/@moira@mastodon.murkworks.net/115392005089685626,kirkland
40,https://mastodon.world/@moira@mastodon.murkworks.net/115391127598420819,kirkland
